paper_id,title,year,repo_level_id,hf_repo_id,repo_model_repo_type,repo_variant_type,repo_family_primary,repo_base_model_relation_type,link_method,link_confidence,evidence_text_or_field
paper_006ada4aba18,Quantifying the Capabilities of LLMs across Scale and Precision,2024,repo_13e83f6fb726,TheBloke/LLaMa-7B-GPTQ,quantized_or_deployment,quantized,Llama,unknown,exact_model_mention,medium,llama 7b
paper_0125db86668a,SuperCorrect: Advancing Small LLM Reasoning with Thought Template Distillation and Self-Correction,2024,repo_343e68eb6d7a,deepseek-ai/DeepSeek-R1,base,base_or_unknown,DeepSeek,unknown,exact_model_mention,medium,deepseek r1
paper_059179c12f53,FinerCut: Finer-grained Interpretable Layer Pruning for Large Language Models,2024,repo_14f41023e7bd,fxinwei123/llama3-70B-quantized,quantized_or_deployment,quantized,Llama,unknown,exact_model_mention,medium,llama3 70b
paper_0841c6df66f5,SemCoT: Accelerating Chain-of-Thought Reasoning through Semantically-Aligned Implicit Tokens,2025,repo_dcabb0541b69,jonathanhe123/SemCoT-mistral-1.1b-gsm8k,finetune,finetune,Mistral,finetune,model_card_arxiv_ref,high,arxiv_refs::2510.24940
paper_0841c6df66f5,SemCoT: Accelerating Chain-of-Thought Reasoning through Semantically-Aligned Implicit Tokens,2025,repo_3e4fa9ede71d,jonathanhe123/SemCoT-mistral-1.1b-svamp,finetune,finetune,Mistral,finetune,model_card_arxiv_ref,high,arxiv_refs::2510.24940
paper_0841c6df66f5,SemCoT: Accelerating Chain-of-Thought Reasoning through Semantically-Aligned Implicit Tokens,2025,repo_e0b9718f2456,jonathanhe123/SemCoT-mistral-1.1b-commonsense_qa,finetune,finetune,Mistral,finetune,model_card_arxiv_ref,high,arxiv_refs::2510.24940
paper_0841c6df66f5,SemCoT: Accelerating Chain-of-Thought Reasoning through Semantically-Aligned Implicit Tokens,2025,repo_442cc77b343f,jonathanhe123/SemCoT-mistral-1.1b-coin_flip,finetune,finetune,Mistral,finetune,model_card_arxiv_ref,high,arxiv_refs::2510.24940
paper_0841c6df66f5,SemCoT: Accelerating Chain-of-Thought Reasoning through Semantically-Aligned Implicit Tokens,2025,repo_b989cd15c2d3,jonathanhe123/SemCoT-mistral-1.1b-multiarith,finetune,finetune,Mistral,finetune,model_card_arxiv_ref,high,arxiv_refs::2510.24940
paper_08691801f2a3,MiniCache: KV Cache Compression in Depth Dimension for Large Language Models,2024,repo_d01ca2722e59,Dudeman523/Phi_3-onnx,quantized_or_deployment,deployment_format,Phi,unknown,exact_model_mention,medium,phi 3
paper_09ee78603087,From Local to Global: Revisiting Structured Pruning Paradigms for Large Language Models,2025,repo_8e38bb0a32d4,turboderp/Llama2-7B-exl2,quantized_or_deployment,quantized,Llama,unknown,exact_model_mention,medium,llama2 7b
paper_0a226719c404,Differentiable Model Scaling using Differentiable Topk,2024,repo_13e83f6fb726,TheBloke/LLaMa-7B-GPTQ,quantized_or_deployment,quantized,Llama,unknown,exact_model_mention,medium,llama 7b
paper_0a80607c9221,Quantization-Aware Distillation for NVFP4 Inference Accuracy Recovery,2026,repo_c992242c2573,zack203002/NVIDIA-Nemotron-3-Nano-30B-A3B-NVFP4,finetune,base_or_unknown,UNKNOWN,quantized,model_card_arxiv_ref,high,arxiv_refs::2601.20088
paper_0a80607c9221,Quantization-Aware Distillation for NVFP4 Inference Accuracy Recovery,2026,repo_0d54cd8d5439,nvidia/NVIDIA-Nemotron-3-Nano-30B-A3B-NVFP4,finetune,base_or_unknown,UNKNOWN,quantized,model_card_arxiv_ref,high,arxiv_refs::2601.20088
paper_0a80607c9221,Quantization-Aware Distillation for NVFP4 Inference Accuracy Recovery,2026,repo_7841d636c218,Cirrascale/NVIDIA-Nemotron-3-Nano-30B-A3B-NVFP4,finetune,base_or_unknown,UNKNOWN,quantized,model_card_arxiv_ref,high,arxiv_refs::2601.20088
paper_0a80607c9221,Quantization-Aware Distillation for NVFP4 Inference Accuracy Recovery,2026,repo_615742c74a53,williamchangtw/NVIDIA-Nemotron-3-Nano-30B-A3B-NVFP4,finetune,base_or_unknown,UNKNOWN,quantized,model_card_arxiv_ref,high,arxiv_refs::2601.20088
paper_0c9cbe73984d,Gradient Weight-normalized Low-rank Projection for Efficient LLM Training,2025,repo_13e83f6fb726,TheBloke/LLaMa-7B-GPTQ,quantized_or_deployment,quantized,Llama,unknown,exact_model_mention,medium,llama 7b
paper_0cc21744546b,QuantLRM: Quantization of Large Reasoning Models via Fine-Tuning Signals,2026,repo_5a1e9505baed,nanzhang/QuantLRM-Olmo-3-7B-Think-DPO-3-bit,finetune,finetune,OLMo,finetune,model_card_arxiv_ref,high,arxiv_refs::2602.02581
paper_0cc21744546b,QuantLRM: Quantization of Large Reasoning Models via Fine-Tuning Signals,2026,repo_1222c031ea03,nanzhang/QuantLRM-Olmo-3-7B-Think-3-bit,base,base_or_unknown,OLMo,unknown,model_card_arxiv_ref,high,arxiv_refs::2602.02581
paper_0cc21744546b,QuantLRM: Quantization of Large Reasoning Models via Fine-Tuning Signals,2026,repo_a4e6f0ce4081,nanzhang/QuantLRM-R1-Llama-70B-3-bit,merge_mixed,finetune,MIXED,finetune,model_card_arxiv_ref,high,arxiv_refs::2602.02581
paper_11afb7a02762,MobileLLM-R1: Exploring the Limits of Sub-Billion Language Model Reasoners with Open Training Recipes,2025,repo_78d3c48f718b,facebook/MobileLLM-R1.5-950M,finetune,finetune,UNKNOWN,finetune,model_card_arxiv_ref,high,arxiv_refs::2509.24945
paper_11afb7a02762,MobileLLM-R1: Exploring the Limits of Sub-Billion Language Model Reasoners with Open Training Recipes,2025,repo_46a88bcd4fe3,facebook/MobileLLM-R1-360M-base,base,base_or_unknown,UNKNOWN,unknown,model_card_arxiv_ref,high,arxiv_refs::2509.24945
paper_11afb7a02762,MobileLLM-R1: Exploring the Limits of Sub-Billion Language Model Reasoners with Open Training Recipes,2025,repo_df6b89f531d6,facebook/MobileLLM-R1-360M,finetune,finetune,UNKNOWN,finetune,model_card_arxiv_ref,high,arxiv_refs::2509.24945
paper_11afb7a02762,MobileLLM-R1: Exploring the Limits of Sub-Billion Language Model Reasoners with Open Training Recipes,2025,repo_1e223ddc961d,facebook/MobileLLM-R1-950M-base,base,base_or_unknown,UNKNOWN,unknown,model_card_arxiv_ref,high,arxiv_refs::2509.24945
paper_11afb7a02762,MobileLLM-R1: Exploring the Limits of Sub-Billion Language Model Reasoners with Open Training Recipes,2025,repo_ca1907344cee,facebook/MobileLLM-R1.5-360M,finetune,finetune,UNKNOWN,finetune,model_card_arxiv_ref,high,arxiv_refs::2509.24945
paper_11afb7a02762,MobileLLM-R1: Exploring the Limits of Sub-Billion Language Model Reasoners with Open Training Recipes,2025,repo_fae9305fc19d,facebook/MobileLLM-R1.5-140M,finetune,finetune,UNKNOWN,finetune,model_card_arxiv_ref,high,arxiv_refs::2509.24945
paper_11afb7a02762,MobileLLM-R1: Exploring the Limits of Sub-Billion Language Model Reasoners with Open Training Recipes,2025,repo_c2508479eb83,facebook/MobileLLM-R1-140M-base,base,base_or_unknown,UNKNOWN,unknown,model_card_arxiv_ref,high,arxiv_refs::2509.24945
paper_11afb7a02762,MobileLLM-R1: Exploring the Limits of Sub-Billion Language Model Reasoners with Open Training Recipes,2025,repo_90bd811a6fef,facebook/MobileLLM-R1-140M,finetune,finetune,UNKNOWN,finetune,model_card_arxiv_ref,high,arxiv_refs::2509.24945
paper_11afb7a02762,MobileLLM-R1: Exploring the Limits of Sub-Billion Language Model Reasoners with Open Training Recipes,2025,repo_3b137648d9bb,sasa2000/MobileLLM-R1.5-950M-heretic,finetune,finetune,UNKNOWN,finetune,model_card_arxiv_ref,high,arxiv_refs::2509.24945
paper_11afb7a02762,MobileLLM-R1: Exploring the Limits of Sub-Billion Language Model Reasoners with Open Training Recipes,2025,repo_0f3319e28fc1,facebook/MobileLLM-R1-950M,finetune,finetune,UNKNOWN,finetune,model_card_arxiv_ref,high,arxiv_refs::2509.24945
paper_11dd2755db63,QuZO: Quantized Zeroth-Order Fine-Tuning for Large Language Models,2025,repo_8e38bb0a32d4,turboderp/Llama2-7B-exl2,quantized_or_deployment,quantized,Llama,unknown,exact_model_mention,medium,llama2 7b
paper_12bf107d94b3,AdaGradSelect: An adaptive gradient-guided layer selection method for efficient fine-tuning of SLMs,2025,repo_3e483c3c573b,quinnhe/llama3.2_1b_4bit,finetune,quantized,Llama,unknown,exact_model_mention,medium,llama3.2 1b
paper_1344ee0c83e0,Small Language Models for Efficient Agentic Tool Calling: Outperforming Large Models with Targeted Fine-tuning,2025,repo_bbe4cbc762e4,Yaongi/HybriKo-117M-ToolLLaMA-SFT,finetune,base_or_unknown,Llama,unknown,model_card_arxiv_ref,high,arxiv_refs::2512.15943
paper_1493ea39432f,"Highlighting DeepSeek-R1: Architecture, Features and Future Implications",2025,repo_343e68eb6d7a,deepseek-ai/DeepSeek-R1,base,base_or_unknown,DeepSeek,unknown,exact_model_mention,medium,deepseek r1
paper_1554ba2fd660,Knowledge Distillation Using Frontier Open-source LLMs: Generalizability and the Role of Synthetic Data,2024,repo_be81ae454a69,EasyDeL/Llama-3.1-70B,base,base_or_unknown,Llama,unknown,exact_model_mention,medium,llama 3.1 70b
paper_15b48f8a5819,Mutual Reasoning Makes Smaller LLMs Stronger Problem-Solvers,2024,repo_8e38bb0a32d4,turboderp/Llama2-7B-exl2,quantized_or_deployment,quantized,Llama,unknown,exact_model_mention,medium,llama2 7b
paper_18a10d4a63a0,Towards Fair and Efficient De-identification: Quantifying the Efficiency and Generalizability of De-identification Approaches,2026,repo_683e86cbd24f,andrew-ye/Qwen-72B-awq-4bit,quantized_or_deployment,quantized,Qwen,unknown,exact_model_mention,medium,qwen 72b
paper_18e1056c29b4,Henry at BEA 2025 Shared Task: Improving AI Tutor’s Guidance Evaluation Through Context-Aware Distillation,2025,repo_9e221b8388ba,Swissmountain/model-phi-3.5,finetune,quantized,Phi,unknown,exact_model_mention,medium,phi 3.5
paper_19300a466661,"Vision-Language and Large Language Model Performance in Gastroenterology: GPT, Claude, Llama, Phi, Mistral, Gemma, and Quantized Models",2024,repo_8e38bb0a32d4,turboderp/Llama2-7B-exl2,quantized_or_deployment,quantized,Llama,unknown,exact_model_mention,medium,llama2 7b
paper_19d43a4aa928,Long-Document QA with Chain-of-Structured-Thought and Fine-Tuned SLMs,2026,repo_343e68eb6d7a,deepseek-ai/DeepSeek-R1,base,base_or_unknown,DeepSeek,unknown,exact_model_mention,medium,deepseek r1
paper_1cc697e7f675,Knowledge Distillation for Large Language Models,2026,repo_2d0917551b12,Ibrahim7799/qwen-0.5b,finetune,finetune,Qwen,finetune,exact_model_mention,medium,qwen 0.5b
paper_1ff5e4c9e51d,Size matters less: how fine-tuned small LLMs excel in BPMN generation,2025,repo_6c491b0cb8f1,mlx-community/Qwen2.5-14B-8bit,quantized_or_deployment,quantized,Qwen,unknown,exact_model_mention,medium,qwen2.5 14b
paper_244a4e9486b2,Mixing It Up: The Cocktail Effect of Multi-Task Fine-Tuning on LLM Performance -- A Case Study in Finance,2024,repo_d01ca2722e59,Dudeman523/Phi_3-onnx,quantized_or_deployment,deployment_format,Phi,unknown,exact_model_mention,medium,phi 3
paper_2569bdc751e6,Efficient Financial Fraud Detection on Mobile Devices Using Lightweight Large Language Models,2025,repo_0be361601c54,tensorblock/Qwen1.5-0.5B-GGUF,quantized_or_deployment,quantized,Qwen,quantized,exact_model_mention,medium,qwen1.5 0.5b
paper_2a63f23ad865,MedMobile: A mobile-sized language model with clinical capabilities,2024,repo_d01ca2722e59,Dudeman523/Phi_3-onnx,quantized_or_deployment,deployment_format,Phi,unknown,exact_model_mention,medium,phi 3
paper_2bb926af1cc9,Med-V1: Small Language Models for Zero-shot and Scalable Biomedical Evidence Attribution,2026,repo_864938e26652,ncbi/Med-V1-L3B,base,base_or_unknown,UNKNOWN,unknown,model_card_arxiv_ref,high,arxiv_refs::2603.05308
paper_2bb926af1cc9,Med-V1: Small Language Models for Zero-shot and Scalable Biomedical Evidence Attribution,2026,repo_25072630e356,ncbi/Med-V1-Q3B,base,base_or_unknown,UNKNOWN,unknown,model_card_arxiv_ref,high,arxiv_refs::2603.05308
paper_2ca1d6740cab,Playing Language Game with LLMs Leads to Jailbreaking,2024,repo_be81ae454a69,EasyDeL/Llama-3.1-70B,base,base_or_unknown,Llama,unknown,exact_model_mention,medium,llama 3.1 70b
paper_3188e9a72398,"A comparative analysis of DeepSeek R1, DeepSeek-R1-Lite, OpenAi o1 Pro, and Grok 3 performance on ophthalmology board-style questions",2025,repo_343e68eb6d7a,deepseek-ai/DeepSeek-R1,base,base_or_unknown,DeepSeek,unknown,exact_model_mention,medium,deepseek r1
paper_32c3dd9afb83,EfficientLLM: Scalable Pruning-Aware Pretraining for Architecture-Agnostic Edge Language Models,2025,repo_3e483c3c573b,quinnhe/llama3.2_1b_4bit,finetune,quantized,Llama,unknown,exact_model_mention,medium,llama3.2 1b
paper_32c3dd9afb83,EfficientLLM: Scalable Pruning-Aware Pretraining for Architecture-Agnostic Edge Language Models,2025,repo_2e3d6f5fdbb7,allenai/OLMo-1B,base,base_or_unknown,OLMo,unknown,exact_model_mention,medium,olmo 1b
paper_34a71e588923,Evaluating Prompt Engineering Techniques for RAG in Small Language Models: A Multi-Hop QA Approach,2026,repo_df0b7ed3736a,nilay-samora/gemma3-4b-gptq-int4,quantized_or_deployment,quantized,Gemma,unknown,exact_model_mention,medium,gemma3 4b
paper_38f394dfe538,Scaling Up Summarization: Leveraging Large Language Models for Long Text Extractive Summarization,2024,repo_8e38bb0a32d4,turboderp/Llama2-7B-exl2,quantized_or_deployment,quantized,Llama,unknown,exact_model_mention,medium,llama2 7b
paper_3aa44aef847f,ARA: Adaptive Rank Allocation for Efficient Large Language Model SVD Compression,2025,repo_8e38bb0a32d4,turboderp/Llama2-7B-exl2,quantized_or_deployment,quantized,Llama,unknown,exact_model_mention,medium,llama2 7b
paper_3bc863698b6e,Pruning Large Language Models with Semi-Structural Adaptive Sparse Training,2025,repo_8e38bb0a32d4,turboderp/Llama2-7B-exl2,quantized_or_deployment,quantized,Llama,unknown,exact_model_mention,medium,llama2 7b
paper_3ee304b4b00d,PaD: Program-aided Distillation Can Teach Small Models Reasoning Better than Chain-of-thought Fine-tuning,2023,repo_f9216c9c8d88,PhilLovesCats/LLaMA-1-13B-GGUF,quantized_or_deployment,quantized,Llama,unknown,exact_model_mention,medium,llama 1 13b
paper_3efd83149585,Understanding Large Language Models in Your Pockets: Performance Study on COTS Mobile Devices,2024,repo_8e38bb0a32d4,turboderp/Llama2-7B-exl2,quantized_or_deployment,quantized,Llama,unknown,exact_model_mention,medium,llama2 7b
paper_3f328a2e2bcd,Tuning Language Models by Proxy,2024,repo_3e46705de35c,caisarl76/llama2-70B-8bit,quantized_or_deployment,quantized,Llama,unknown,exact_model_mention,medium,llama2 70b
paper_420620a6b821,Comparative Analysis of RAG-Based Open-Source LLMs for Indonesian Banking Customer Service Optimization Using Simulated Data,2025,repo_6c491b0cb8f1,mlx-community/Qwen2.5-14B-8bit,quantized_or_deployment,quantized,Qwen,unknown,exact_model_mention,medium,qwen2.5 14b
paper_422945fa245a,PoliTune: Analyzing the Impact of Data Selection and Fine-Tuning on Economic and Political Biases in Large Language Models,2024,repo_14f41023e7bd,fxinwei123/llama3-70B-quantized,quantized_or_deployment,quantized,Llama,unknown,exact_model_mention,medium,llama3 70b
paper_44aac29a681d,Efficient Shapley Value-based Non-Uniform Pruning of Large Language Models,2025,repo_20095953571c,TheBloke/LLaMa-13B-GPTQ,quantized_or_deployment,quantized,Llama,unknown,exact_model_mention,medium,llama 13b
paper_44aac29a681d,Efficient Shapley Value-based Non-Uniform Pruning of Large Language Models,2025,repo_13e83f6fb726,TheBloke/LLaMa-7B-GPTQ,quantized_or_deployment,quantized,Llama,unknown,exact_model_mention,medium,llama 7b
paper_46eb9ed89288,"Sequoia: Scalable, Robust, and Hardware-aware Speculative Decoding",2024,repo_3e46705de35c,caisarl76/llama2-70B-8bit,quantized_or_deployment,quantized,Llama,unknown,exact_model_mention,medium,llama2 70b
paper_46eb9ed89288,"Sequoia: Scalable, Robust, and Hardware-aware Speculative Decoding",2024,repo_8e38bb0a32d4,turboderp/Llama2-7B-exl2,quantized_or_deployment,quantized,Llama,unknown,exact_model_mention,medium,llama2 7b
paper_46eb9ed89288,"Sequoia: Scalable, Robust, and Hardware-aware Speculative Decoding",2024,repo_6094ee2c2c1b,AlmaEconomics/llama2_quantized_13B_8bit,quantized_or_deployment,quantized,Llama,unknown,exact_model_mention,medium,llama2 13b
paper_46f2c3263942,Qwen2 Technical Report,2024,repo_7d6c0462de5f,shuyuej/Qwen2-72B-GPTQ,quantized_or_deployment,quantized,Qwen,unknown,exact_model_mention,medium,qwen2 72b
paper_4788aa9043d7,Leveraging Large Language Models in Detecting Anti-LGBTQIA+ User-generated Texts,2025,repo_6bece8863bf9,verbalyze/llama3.3_70B_quantized,quantized_or_deployment,quantized,Llama,unknown,exact_model_mention,medium,llama3.3 70b
paper_480ac6601bef,Accurate LoRA-Finetuning Quantization of LLMs via Information Retention,2024,repo_13e83f6fb726,TheBloke/LLaMa-7B-GPTQ,quantized_or_deployment,quantized,Llama,unknown,exact_model_mention,medium,llama 7b
paper_4899dcabd7fc,A lightweight large language model for regulatory affairs translation in pharmaceutical industry,2025,repo_516e197557da,reyvan/Qwen-1_8B-8bit,quantized_or_deployment,quantized,Qwen,unknown,exact_model_mention,medium,qwen 1 8b
paper_4a5865d052c3,Forecasting Antimicrobial Resistance Trends Using Machine Learning on WHO GLASS Surveillance Data: A Retrieval-Augmented Generation Approach for Policy Decision Support,2026,repo_d01ca2722e59,Dudeman523/Phi_3-onnx,quantized_or_deployment,deployment_format,Phi,unknown,exact_model_mention,medium,phi 3
paper_4ac39ec5b155,Evaluating the Effectiveness of Small Language Models in Detecting Refactoring Bugs,2025,repo_ee011116e989,humaan/phi-4-14b,quantized_or_deployment,quantized,Phi,unknown,exact_model_mention,medium,phi 4 14b
paper_4e064865a10d,Octo-planner: On-device Language Model for Planner-Action Agents,2024,repo_d01ca2722e59,Dudeman523/Phi_3-onnx,quantized_or_deployment,deployment_format,Phi,unknown,exact_model_mention,medium,phi 3
paper_517c6c708c8d,Efficient Beam Search for Large Language Models Using Trie-Based Decoding,2025,repo_9e221b8388ba,Swissmountain/model-phi-3.5,finetune,quantized,Phi,unknown,exact_model_mention,medium,phi 3.5
paper_536da7033e42,InvestLM: A Large Language Model for Investment using Financial Domain Instruction Tuning,2023,repo_0f319eb8f84e,TheBloke/LLaMa-65B-GPTQ,quantized_or_deployment,quantized,Llama,unknown,exact_model_mention,medium,llama 65b
paper_54c059b5da33,DiJiang: Efficient Large Language Models through Compact Kernelization,2024,repo_8e38bb0a32d4,turboderp/Llama2-7B-exl2,quantized_or_deployment,quantized,Llama,unknown,exact_model_mention,medium,llama2 7b
paper_599f38b35769,SM70: A Large Language Model for Medical Devices,2023,repo_3e46705de35c,caisarl76/llama2-70B-8bit,quantized_or_deployment,quantized,Llama,unknown,exact_model_mention,medium,llama2 70b
paper_5a25067a8737,Learnware of Language Models: Specialized Small Language Models Can Do Big,2025,repo_f6ae7f291eb1,mlx-community/Qwen1.5-110B-8bit,quantized_or_deployment,quantized,Qwen,unknown,exact_model_mention,medium,qwen1.5 110b
paper_5dc58d9ff51c,PerfCodeGen: Improving Performance of LLM Generated Code with Execution Feedback,2024,repo_d01ca2722e59,Dudeman523/Phi_3-onnx,quantized_or_deployment,deployment_format,Phi,unknown,exact_model_mention,medium,phi 3
paper_5dd44dde66a8,Enhancing Decision-Making for LLM Agents via Step-Level Q-Value Models,2025,repo_d01ca2722e59,Dudeman523/Phi_3-onnx,quantized_or_deployment,deployment_format,Phi,unknown,exact_model_mention,medium,phi 3
paper_5df892886105,Dynamic Sparse No Training: Training-Free Fine-tuning for Sparse LLMs,2023,repo_13e83f6fb726,TheBloke/LLaMa-7B-GPTQ,quantized_or_deployment,quantized,Llama,unknown,exact_model_mention,medium,llama 7b
paper_5e4dfd3918cf,"Compress, Then Prompt: Improving Accuracy-Efficiency Trade-off of LLM Inference with Transferable Prompt",2023,repo_13e83f6fb726,TheBloke/LLaMa-7B-GPTQ,quantized_or_deployment,quantized,Llama,unknown,exact_model_mention,medium,llama 7b
paper_5eb5cd6ef6fa,FASP: Fast and Accurate Structured Pruning of Large Language Models,2025,repo_7e6b1be5cc7d,TheBloke/LLaMA-30b-AWQ,quantized_or_deployment,quantized,Llama,unknown,exact_model_mention,medium,llama 30b
paper_607a166eacfc,LLMLingua-2: Data Distillation for Efficient and Faithful Task-Agnostic Prompt Compression,2024,repo_13e83f6fb726,TheBloke/LLaMa-7B-GPTQ,quantized_or_deployment,quantized,Llama,unknown,exact_model_mention,medium,llama 7b
paper_6181fa78ecd0,Q-Palette: Fractional-Bit Quantizers Toward Optimal Bit Allocation for Efficient LLM Deployment,2025,repo_d4cb1d0024b5,bdbj/Llama-2-13b-qpal-hess-msq-2bit,quantized_or_deployment,base_or_unknown,Llama,quantized,model_card_arxiv_ref,high,arxiv_refs::2509.20214
paper_6181fa78ecd0,Q-Palette: Fractional-Bit Quantizers Toward Optimal Bit Allocation for Efficient LLM Deployment,2025,repo_a0fa5e439301,bdbj/Qwen2.5-7B-qpal-df-msq-4bit,quantized_or_deployment,quantized,Qwen,quantized,model_card_arxiv_ref,high,arxiv_refs::2509.20214
paper_6258d945b4d4,Exploring Large Language Models for Knowledge Graph Completion,2023,repo_13e83f6fb726,TheBloke/LLaMa-7B-GPTQ,quantized_or_deployment,quantized,Llama,unknown,exact_model_mention,medium,llama 7b
paper_62cf1ed1d29c,Learning from Failures in Multi-Attempt Reinforcement Learning,2025,repo_343e68eb6d7a,deepseek-ai/DeepSeek-R1,base,base_or_unknown,DeepSeek,unknown,exact_model_mention,medium,deepseek r1
paper_64569aa8d301,"Phi-3 Safety Post-Training: Aligning Language Models with a ""Break-Fix"" Cycle",2024,repo_9e221b8388ba,Swissmountain/model-phi-3.5,finetune,quantized,Phi,unknown,exact_model_mention,medium,phi 3.5
paper_64569aa8d301,"Phi-3 Safety Post-Training: Aligning Language Models with a ""Break-Fix"" Cycle",2024,repo_d01ca2722e59,Dudeman523/Phi_3-onnx,quantized_or_deployment,deployment_format,Phi,unknown,exact_model_mention,medium,phi 3
paper_666274a45814,NutePrune: Efficient Progressive Pruning with Numerous Teachers for Large Language Models,2024,repo_13e83f6fb726,TheBloke/LLaMa-7B-GPTQ,quantized_or_deployment,quantized,Llama,unknown,exact_model_mention,medium,llama 7b
paper_6904582f5dd3,DenoiseRotator: Enhance Pruning Robustness for LLMs via Importance Concentration,2025,repo_14f41023e7bd,fxinwei123/llama3-70B-quantized,quantized_or_deployment,quantized,Llama,unknown,exact_model_mention,medium,llama3 70b
paper_69412bacb812,GKT: A Novel Guidance-Based Knowledge Transfer Framework For Efficient Cloud-edge Collaboration LLM Deployment,2024,repo_3e46705de35c,caisarl76/llama2-70B-8bit,quantized_or_deployment,quantized,Llama,unknown,exact_model_mention,medium,llama2 70b
paper_6990a2f6a055,Mixed Distillation Helps Smaller Language Model Better Reasoning,2023,repo_8e38bb0a32d4,turboderp/Llama2-7B-exl2,quantized_or_deployment,quantized,Llama,unknown,exact_model_mention,medium,llama2 7b
paper_69919cc9a7dc,MSE-Adapter: A Lightweight Plugin Endowing LLMs with the Capability to Perform Multimodal Sentiment Analysis and Emotion Recognition,2025,repo_8e38bb0a32d4,turboderp/Llama2-7B-exl2,quantized_or_deployment,quantized,Llama,unknown,exact_model_mention,medium,llama2 7b
paper_6aa8a2762e0f,LLaMA-NAS: Efficient Neural Architecture Search for Large Language Models,2024,repo_8e38bb0a32d4,turboderp/Llama2-7B-exl2,quantized_or_deployment,quantized,Llama,unknown,exact_model_mention,medium,llama2 7b
paper_6ef9bee6c19f,Phi-4-Mini Technical Report: Compact yet Powerful Multimodal Language Models via Mixture-of-LoRAs,2025,repo_ca45adbb37e9,kallilikhitha123/llama-Quantized-Model-8B,quantized_or_deployment,quantized,Llama,unknown,exact_model_mention,medium,llama 8b
paper_6ef9bee6c19f,Phi-4-Mini Technical Report: Compact yet Powerful Multimodal Language Models via Mixture-of-LoRAs,2025,repo_9e221b8388ba,Swissmountain/model-phi-3.5,finetune,quantized,Phi,unknown,exact_model_mention,medium,phi 3.5
paper_6ef9bee6c19f,Phi-4-Mini Technical Report: Compact yet Powerful Multimodal Language Models via Mixture-of-LoRAs,2025,repo_f69faf9afcfb,echodada/Qwen-7B,base,base_or_unknown,Qwen,unknown,exact_model_mention,medium,qwen 7b
paper_712984c6662f,CompactifAI: Extreme Compression of Large Language Models using Quantum-Inspired Tensor Networks,2024,repo_13e83f6fb726,TheBloke/LLaMa-7B-GPTQ,quantized_or_deployment,quantized,Llama,unknown,exact_model_mention,medium,llama 7b
paper_74659058553a,SliM-LLM: Salience-Driven Mixed-Precision Quantization for Large Language Models,2024,repo_13e83f6fb726,TheBloke/LLaMa-7B-GPTQ,quantized_or_deployment,quantized,Llama,unknown,exact_model_mention,medium,llama 7b
paper_78aaa146439e,CHAI: Clustered Head Attention for Efficient LLM Inference,2024,repo_13e83f6fb726,TheBloke/LLaMa-7B-GPTQ,quantized_or_deployment,quantized,Llama,unknown,exact_model_mention,medium,llama 7b
paper_7926e58e0585,MeMoTune: A Measure and Moment-Driven Fine-Tuning Framework for Quantized Large Language Models,2025,repo_6094ee2c2c1b,AlmaEconomics/llama2_quantized_13B_8bit,quantized_or_deployment,quantized,Llama,unknown,exact_model_mention,medium,llama2 13b
paper_79a8f026149c,SliceGPT: Compress Large Language Models by Deleting Rows and Columns,2024,repo_3e46705de35c,caisarl76/llama2-70B-8bit,quantized_or_deployment,quantized,Llama,unknown,exact_model_mention,medium,llama2 70b
paper_7ad433d607b6,A Family of LLMs Liberated from Static Vocabularies,2026,repo_be81ae454a69,EasyDeL/Llama-3.1-70B,base,base_or_unknown,Llama,unknown,exact_model_mention,medium,llama 3.1 70b
paper_7ad7a0abaff2,Benchmarking Open-Source Large Language Models on Code-Switched Tagalog-English Retrieval Augmented Generation,2025,repo_d01ca2722e59,Dudeman523/Phi_3-onnx,quantized_or_deployment,deployment_format,Phi,unknown,exact_model_mention,medium,phi 3
paper_7d8104698533,Layer-wise dynamic rank for compressing large language models,2025,repo_13e83f6fb726,TheBloke/LLaMa-7B-GPTQ,quantized_or_deployment,quantized,Llama,unknown,exact_model_mention,medium,llama 7b
paper_7eda96f430b7,Prompting Large Language Models with Speech Recognition Abilities,2023,repo_13e83f6fb726,TheBloke/LLaMa-7B-GPTQ,quantized_or_deployment,quantized,Llama,unknown,exact_model_mention,medium,llama 7b
paper_8121ffbaaaff,LLM-FP4: 4-Bit Floating-Point Quantized Transformers,2023,repo_20095953571c,TheBloke/LLaMa-13B-GPTQ,quantized_or_deployment,quantized,Llama,unknown,exact_model_mention,medium,llama 13b
paper_8132e0113ba7,GaLore: Memory-Efficient LLM Training by Gradient Low-Rank Projection,2024,repo_dbd68dd531ed,Anonymous123456789111213/Llama-1B,base,base_or_unknown,Llama,unknown,exact_model_mention,medium,llama 1b
paper_821f653750da,AffineQuant: Affine Transformation Quantization for Large Language Models,2024,repo_8e38bb0a32d4,turboderp/Llama2-7B-exl2,quantized_or_deployment,quantized,Llama,unknown,exact_model_mention,medium,llama2 7b
paper_821f653750da,AffineQuant: Affine Transformation Quantization for Large Language Models,2024,repo_7e6b1be5cc7d,TheBloke/LLaMA-30b-AWQ,quantized_or_deployment,quantized,Llama,unknown,exact_model_mention,medium,llama 30b
paper_8388d57001c3,Educational justice. Reliability and consistency of large language models for automated essay scoring and its implications,2025,repo_be81ae454a69,EasyDeL/Llama-3.1-70B,base,base_or_unknown,Llama,unknown,exact_model_mention,medium,llama 3.1 70b
paper_84479ef46686,Optimizing Small Language Models for In-Vehicle Function-Calling,2025,repo_d01ca2722e59,Dudeman523/Phi_3-onnx,quantized_or_deployment,deployment_format,Phi,unknown,exact_model_mention,medium,phi 3
paper_864a257b331a,LongLoRA: Efficient Fine-tuning of Long-Context Large Language Models,2023,repo_3e46705de35c,caisarl76/llama2-70B-8bit,quantized_or_deployment,quantized,Llama,unknown,exact_model_mention,medium,llama2 70b
paper_864a257b331a,LongLoRA: Efficient Fine-tuning of Long-Context Large Language Models,2023,repo_8e38bb0a32d4,turboderp/Llama2-7B-exl2,quantized_or_deployment,quantized,Llama,unknown,exact_model_mention,medium,llama2 7b
paper_8939cdbc128a,CommonIT: Commonality-Aware Instruction Tuning for Large Language Models via Data Partitions,2024,repo_8e38bb0a32d4,turboderp/Llama2-7B-exl2,quantized_or_deployment,quantized,Llama,unknown,exact_model_mention,medium,llama2 7b
paper_8939cdbc128a,CommonIT: Commonality-Aware Instruction Tuning for Large Language Models via Data Partitions,2024,repo_20095953571c,TheBloke/LLaMa-13B-GPTQ,quantized_or_deployment,quantized,Llama,unknown,exact_model_mention,medium,llama 13b
paper_8939cdbc128a,CommonIT: Commonality-Aware Instruction Tuning for Large Language Models via Data Partitions,2024,repo_284fa1014f76,mlx-community/Qwen2-7B-8bit,quantized_or_deployment,quantized,Qwen,unknown,exact_model_mention,medium,qwen2 7b
paper_8a7e26648b21,"Can Small Language Models Learn, Unlearn, and Retain Noise Patterns?",2024,repo_2e3d6f5fdbb7,allenai/OLMo-1B,base,base_or_unknown,OLMo,unknown,exact_model_mention,medium,olmo 1b
paper_8c1a28e7f1f8,DL-QAT: Weight-Decomposed Low-Rank Quantization-Aware Training for Large Language Models,2024,repo_13e83f6fb726,TheBloke/LLaMa-7B-GPTQ,quantized_or_deployment,quantized,Llama,unknown,exact_model_mention,medium,llama 7b
paper_8ebfd23c3447,Textbooks Are All You Need,2023,repo_da8804b3be0b,microsoft/phi-1,base,base_or_unknown,Phi,unknown,exact_model_mention,medium,phi 1
paper_92efa5c06af4,SASQ: Static Activation Scaling for Quantization-Aware Training in Large Language Models,2025,repo_8e38bb0a32d4,turboderp/Llama2-7B-exl2,quantized_or_deployment,quantized,Llama,unknown,exact_model_mention,medium,llama2 7b
paper_92ff11c645f2,A Comprehensive Evaluation of Large Language Models on Mental Illnesses,2024,repo_d01ca2722e59,Dudeman523/Phi_3-onnx,quantized_or_deployment,deployment_format,Phi,unknown,exact_model_mention,medium,phi 3
paper_93a27e53ba24,GPTailor: Large Language Model Pruning Through Layer Cutting and Stitching,2025,repo_6094ee2c2c1b,AlmaEconomics/llama2_quantized_13B_8bit,quantized_or_deployment,quantized,Llama,unknown,exact_model_mention,medium,llama2 13b
paper_9a471632774d,Sheared LLaMA: Accelerating Language Model Pre-training via Structured Pruning,2023,repo_8e38bb0a32d4,turboderp/Llama2-7B-exl2,quantized_or_deployment,quantized,Llama,unknown,exact_model_mention,medium,llama2 7b
paper_9a832649c646,Medicine on the Edge: Comparative Performance Analysis of On-Device LLMs for Clinical Reasoning,2025,repo_d01ca2722e59,Dudeman523/Phi_3-onnx,quantized_or_deployment,deployment_format,Phi,unknown,exact_model_mention,medium,phi 3
paper_9ebcf3df5338,FBQuant: FeedBack Quantization for Large Language Models,2024,repo_8e38bb0a32d4,turboderp/Llama2-7B-exl2,quantized_or_deployment,quantized,Llama,unknown,exact_model_mention,medium,llama2 7b
paper_9f1abfc31f03,Mini-batch Coresets for Memory-efficient Language Model Training on Data Mixtures,2024,repo_d01ca2722e59,Dudeman523/Phi_3-onnx,quantized_or_deployment,deployment_format,Phi,unknown,exact_model_mention,medium,phi 3
paper_a02a3687986d,SmolLM2: When Smol Goes Big -- Data-Centric Training of a Small Language Model,2025,repo_3e483c3c573b,quinnhe/llama3.2_1b_4bit,finetune,quantized,Llama,unknown,exact_model_mention,medium,llama3.2 1b
paper_a0b0b6a00694,Compresso: Structured Pruning with Collaborative Prompting Learns Compact Large Language Models,2023,repo_13e83f6fb726,TheBloke/LLaMa-7B-GPTQ,quantized_or_deployment,quantized,Llama,unknown,exact_model_mention,medium,llama 7b
paper_a0f4c657949f,Small Language Models and Neuro-Symbolic AI in Zonal Architectures: The Rise of Small Language Models (SLMs) in Constrained Environments,2026,repo_d01ca2722e59,Dudeman523/Phi_3-onnx,quantized_or_deployment,deployment_format,Phi,unknown,exact_model_mention,medium,phi 3
paper_a1c7b9bdea9e,Fine-Tuning Open-Weight Language Models to Deliver Cognitive Behavioral Therapy for Depression: A Feasibility Study,2024,repo_85c3b191fa19,rastabastamon/qwen-2.5-7b-gptq-4bit,quantized_or_deployment,quantized,Qwen,unknown,exact_model_mention,medium,qwen 2.5 7b
paper_a1ee7310f707,Pushing up to the Limit of Memory Bandwidth and Capacity Utilization for Efficient LLM Decoding on Embedded FPGA,2025,repo_8e38bb0a32d4,turboderp/Llama2-7B-exl2,quantized_or_deployment,quantized,Llama,unknown,exact_model_mention,medium,llama2 7b
paper_a2884f303752,AlphaPruning: Using Heavy-Tailed Self Regularization Theory for Improved Layer-wise Pruning of Large Language Models,2024,repo_13e83f6fb726,TheBloke/LLaMa-7B-GPTQ,quantized_or_deployment,quantized,Llama,unknown,exact_model_mention,medium,llama 7b
paper_a3416583cd23,Benchmarking proprietary and open-source language and vision-language models for gastroenterology clinical reasoning,2025,repo_6bece8863bf9,verbalyze/llama3.3_70B_quantized,quantized_or_deployment,quantized,Llama,unknown,exact_model_mention,medium,llama3.3 70b
paper_a8708f49c689,MinT: Boosting Generalization in Mathematical Reasoning via Multi-View Fine-Tuning,2023,repo_13e83f6fb726,TheBloke/LLaMa-7B-GPTQ,quantized_or_deployment,quantized,Llama,unknown,exact_model_mention,medium,llama 7b
paper_aa3dae755f8d,Analysis of LLM Bias (Chinese Propaganda &amp; Anti-US Sentiment) in DeepSeek-R1 vs. ChatGPT o3-mini-high,2025,repo_343e68eb6d7a,deepseek-ai/DeepSeek-R1,base,base_or_unknown,DeepSeek,unknown,exact_model_mention,medium,deepseek r1
paper_ac13157061ac,Parameter-Efficient Fine-Tuning with Discrete Fourier Transform,2024,repo_8e38bb0a32d4,turboderp/Llama2-7B-exl2,quantized_or_deployment,quantized,Llama,unknown,exact_model_mention,medium,llama2 7b
paper_afe2f4616036,SozKZ: Training Efficient Small Language Models for Kazakh from Scratch,2026,repo_d8149c7c4716,stukenov/sozkz-core-llama-600m-kk-base-v1,base,base_or_unknown,Llama,unknown,model_card_arxiv_ref,high,arxiv_refs::2603.20854
paper_b1411c035d9d,Thinking Preference Optimization,2025,repo_f69faf9afcfb,echodada/Qwen-7B,base,base_or_unknown,Qwen,unknown,exact_model_mention,medium,qwen 7b
paper_b23e6d69ba99,"Improving VTE Identification through Language Models from Radiology Reports: A Comparative Study of Mamba, Phi-3 Mini, and BERT",2024,repo_d01ca2722e59,Dudeman523/Phi_3-onnx,quantized_or_deployment,deployment_format,Phi,unknown,exact_model_mention,medium,phi 3
paper_b2f7b740d493,Can Small Language Models be Good Reasoners for Sequential Recommendation?,2024,repo_8e38bb0a32d4,turboderp/Llama2-7B-exl2,quantized_or_deployment,quantized,Llama,unknown,exact_model_mention,medium,llama2 7b
paper_b33a37c0be4c,Enhancing semantical text understanding with fine-tuned large language models: A case study on Quora Question Pair duplicate identification,2025,repo_0f319eb8f84e,TheBloke/LLaMa-65B-GPTQ,quantized_or_deployment,quantized,Llama,unknown,exact_model_mention,medium,llama 65b
paper_b4a34b2de397,QServe: W4A8KV4 Quantization and System Co-design for Efficient LLM Serving,2024,repo_22f5440435cf,programmerino/qwen1.5-72b-awq,quantized_or_deployment,quantized,Qwen,unknown,exact_model_mention,medium,qwen1.5 72b
paper_b6bd26700a19,"Token-Hungry, Yet Precise: DeepSeek R1 Highlights the Need for Multi-Step Reasoning Over Speed in MATH",2025,repo_37859c5b5279,n0ni/test-mistral-8B,quantized_or_deployment,quantized,Mistral,unknown,exact_model_mention,medium,mistral 8b
paper_b6bd26700a19,"Token-Hungry, Yet Precise: DeepSeek R1 Highlights the Need for Multi-Step Reasoning Over Speed in MATH",2025,repo_343e68eb6d7a,deepseek-ai/DeepSeek-R1,base,base_or_unknown,DeepSeek,unknown,exact_model_mention,medium,deepseek r1
paper_b701f816ce5e,ABQ-LLM: Arbitrary-Bit Quantized Inference Acceleration for Large Language Models,2025,repo_13e83f6fb726,TheBloke/LLaMa-7B-GPTQ,quantized_or_deployment,quantized,Llama,unknown,exact_model_mention,medium,llama 7b
paper_b8b8f40346c0,Language and Planning in Robotic Navigation: A Multilingual Evaluation of State-of-the-Art Models,2025,repo_d01ca2722e59,Dudeman523/Phi_3-onnx,quantized_or_deployment,deployment_format,Phi,unknown,exact_model_mention,medium,phi 3
paper_bd439c77555f,CBQ: Cross-Block Quantization for Large Language Models,2023,repo_a4edae36043a,TheBloke/Upstage-Llama1-65B-Instruct-GPTQ,quantized_or_deployment,quantized,Llama,quantized,family_size_fuzzy_match,low,llama1 65b
paper_be7f235b58cb,Bridging Draft Policy Misalignment: Group Tree Optimization for Speculative Decoding,2025,repo_ca45adbb37e9,kallilikhitha123/llama-Quantized-Model-8B,quantized_or_deployment,quantized,Llama,unknown,exact_model_mention,medium,llama 8b
paper_be7f235b58cb,Bridging Draft Policy Misalignment: Group Tree Optimization for Speculative Decoding,2025,repo_63ef8bbfc27a,husj576/GTO-llama33-instruct-70B,base,base_or_unknown,Llama,unknown,model_card_arxiv_ref,high,arxiv_refs::2509.22134
paper_be7f235b58cb,Bridging Draft Policy Misalignment: Group Tree Optimization for Speculative Decoding,2025,repo_18064bed0fc4,husj576/GTO-llama31-instruct-8B,base,base_or_unknown,Llama,unknown,model_card_arxiv_ref,high,arxiv_refs::2509.22134
paper_be7f235b58cb,Bridging Draft Policy Misalignment: Group Tree Optimization for Speculative Decoding,2025,repo_dcb34d569970,husj576/GTO-deepseek-8B,base,base_or_unknown,DeepSeek,unknown,model_card_arxiv_ref,high,arxiv_refs::2509.22134
paper_be7f235b58cb,Bridging Draft Policy Misalignment: Group Tree Optimization for Speculative Decoding,2025,repo_06c96045b8dd,akrishnamoorthy23/llama-3.3-70B-4bit-AWQ,quantized_or_deployment,quantized,Llama,unknown,exact_model_mention,medium,llama 3.3 70b
paper_c07643c7e268,BlueLM-V-3B: Algorithm and System Co-Design for Multimodal Large Language Models on Mobile Devices,2024,repo_b1aee53cb7ce,EricZhang1412/MiniCPM-V-2.6,quantized_or_deployment,quantized,MiniCPM,unknown,exact_model_mention,medium,minicpm v 2.6
paper_c07ff8d0c8b6,Domain Specific Specialization in Low-Resource Settings: The Efficacy of Offline Response-Based Knowledge Distillation in Large Language Models,2026,repo_85c3b191fa19,rastabastamon/qwen-2.5-7b-gptq-4bit,quantized_or_deployment,quantized,Qwen,unknown,exact_model_mention,medium,qwen 2.5 7b
paper_c0a17c061c97,Octopus v2: On-device language model for super agent,2024,repo_13e83f6fb726,TheBloke/LLaMa-7B-GPTQ,quantized_or_deployment,quantized,Llama,unknown,exact_model_mention,medium,llama 7b
paper_c1d2f45a1be0,Neural-Symbolic Collaborative Distillation: Advancing Small Language Models for Complex Reasoning Tasks,2025,repo_14f41023e7bd,fxinwei123/llama3-70B-quantized,quantized_or_deployment,quantized,Llama,unknown,exact_model_mention,medium,llama3 70b
paper_c1d2f45a1be0,Neural-Symbolic Collaborative Distillation: Advancing Small Language Models for Complex Reasoning Tasks,2025,repo_284fa1014f76,mlx-community/Qwen2-7B-8bit,quantized_or_deployment,quantized,Qwen,unknown,exact_model_mention,medium,qwen2 7b
paper_c615d9f37c63,Black-Box On-Policy Distillation of Large Language Models,2025,repo_6c491b0cb8f1,mlx-community/Qwen2.5-14B-8bit,quantized_or_deployment,quantized,Qwen,unknown,exact_model_mention,medium,qwen2.5 14b
paper_c773eaff3d76,Phi-4-Mini-Reasoning: Exploring the Limits of Small Reasoning Language Models in Math,2025,repo_ca45adbb37e9,kallilikhitha123/llama-Quantized-Model-8B,quantized_or_deployment,quantized,Llama,unknown,exact_model_mention,medium,llama 8b
paper_c773eaff3d76,Phi-4-Mini-Reasoning: Exploring the Limits of Small Reasoning Language Models in Math,2025,repo_f69faf9afcfb,echodada/Qwen-7B,base,base_or_unknown,Qwen,unknown,exact_model_mention,medium,qwen 7b
paper_c785db2a82e0,PAT: Pruning-Aware Tuning for Large Language Models,2025,repo_8e38bb0a32d4,turboderp/Llama2-7B-exl2,quantized_or_deployment,quantized,Llama,unknown,exact_model_mention,medium,llama2 7b
paper_c86b91ba5f98,Behavioral Bias of Vision-Language Models: A Behavioral Finance View,2024,repo_d01ca2722e59,Dudeman523/Phi_3-onnx,quantized_or_deployment,deployment_format,Phi,unknown,exact_model_mention,medium,phi 3
paper_cadfa09e1a6d,LLaMA-Adapter: Efficient Fine-tuning of Language Models with Zero-init Attention,2023,repo_13e83f6fb726,TheBloke/LLaMa-7B-GPTQ,quantized_or_deployment,quantized,Llama,unknown,exact_model_mention,medium,llama 7b
paper_cc6c2c8eb5ac,Enhancing Critical Thinking in Education by means of a Socratic Chatbot,2024,repo_8e38bb0a32d4,turboderp/Llama2-7B-exl2,quantized_or_deployment,quantized,Llama,unknown,exact_model_mention,medium,llama2 7b
paper_cdaf155f821b,Can Compact Language Models Search Like Agents? Distillation-Guided Policy Optimization for Preserving Agentic RAG Capabilities,2025,repo_f536ccb1c5d4,omron-sinicx/DGPO-qwen2.5-0.5b,finetune,finetune,Qwen,finetune,model_card_arxiv_ref,high,arxiv_refs::2508.20324
paper_ce717093655b,NanoQuant: Efficient Sub-1-Bit Quantization of Large Language Models,2026,repo_3e46705de35c,caisarl76/llama2-70B-8bit,quantized_or_deployment,quantized,Llama,unknown,exact_model_mention,medium,llama2 70b
paper_d5439e4429bf,How Effective Is Constitutional AI in Small LLMs? A Study on DeepSeek-R1 and Its Peers,2025,repo_666cbf36f61f,YoungC0320/deepseek-r1-8b,finetune,quantized,DeepSeek,unknown,exact_model_mention,medium,deepseek r1 8b
paper_d80848c1d839,Flux Attention: Context-Aware Hybrid Attention for Efficient LLMs Inference,2026,repo_9f9a59bc69aa,QQTang1223/full_xattn_Qwen3-8B,finetune,finetune,Qwen,finetune,model_card_arxiv_ref,high,arxiv_refs::2604.07394
paper_d80848c1d839,Flux Attention: Context-Aware Hybrid Attention for Efficient LLMs Inference,2026,repo_776815b5139d,QQTang1223/full_xattn_Qwen3-4B,finetune,finetune,Qwen,finetune,model_card_arxiv_ref,high,arxiv_refs::2604.07394
paper_d80848c1d839,Flux Attention: Context-Aware Hybrid Attention for Efficient LLMs Inference,2026,repo_70a75fe6c380,QQTang1223/full_streaming_Qwen3-4B,finetune,finetune,Qwen,finetune,model_card_arxiv_ref,high,arxiv_refs::2604.07394
paper_d80848c1d839,Flux Attention: Context-Aware Hybrid Attention for Efficient LLMs Inference,2026,repo_5c51e890932d,QQTang1223/full_triangle_Qwen3-8B,finetune,finetune,Qwen,finetune,model_card_arxiv_ref,high,arxiv_refs::2604.07394
paper_d80848c1d839,Flux Attention: Context-Aware Hybrid Attention for Efficient LLMs Inference,2026,repo_bf20cb0f2b1a,QQTang1223/full_streaming_Qwen3-8B,finetune,finetune,Qwen,finetune,model_card_arxiv_ref,high,arxiv_refs::2604.07394
paper_d80848c1d839,Flux Attention: Context-Aware Hybrid Attention for Efficient LLMs Inference,2026,repo_259a5988666b,QQTang1223/full_triangle_Llama-3.1-8B-Instruct,finetune,finetune,Llama,finetune,model_card_arxiv_ref,high,arxiv_refs::2604.07394
paper_d80848c1d839,Flux Attention: Context-Aware Hybrid Attention for Efficient LLMs Inference,2026,repo_5b80a49d22f3,QQTang1223/full_xattn_Llama-3.1-8B-Instruct,finetune,finetune,Llama,finetune,model_card_arxiv_ref,high,arxiv_refs::2604.07394
paper_d80848c1d839,Flux Attention: Context-Aware Hybrid Attention for Efficient LLMs Inference,2026,repo_eb30ea9895db,QQTang1223/full_streaming_Llama-3.1-8B-Instruct,finetune,finetune,Llama,finetune,model_card_arxiv_ref,high,arxiv_refs::2604.07394
paper_d80848c1d839,Flux Attention: Context-Aware Hybrid Attention for Efficient LLMs Inference,2026,repo_3d760680dec8,QQTang1223/full_triangle_Qwen3-4B,finetune,finetune,Qwen,finetune,model_card_arxiv_ref,high,arxiv_refs::2604.07394
paper_d966937822b1,SMAC-R1: The Emergence of Intelligence in Decision-Making Tasks,2024,repo_5c142412ffc0,mradermacher/DeepSeek-V2.5-236B-i1-GGUF,quantized_or_deployment,quantized,DeepSeek,unknown,family_size_fuzzy_match,low,deepseek coder v2.5 236b. similar to online reinforcement learning after behavior cloning in offline learning process
paper_d9b5a31c07aa,DistillSeq: A Framework for Safety Alignment Testing in Large Language Models using Knowledge Distillation,2024,repo_20095953571c,TheBloke/LLaMa-13B-GPTQ,quantized_or_deployment,quantized,Llama,unknown,exact_model_mention,medium,llama 13b
paper_dbc358773fc2,Learning to Compress Prompts with Gist Tokens,2023,repo_13e83f6fb726,TheBloke/LLaMa-7B-GPTQ,quantized_or_deployment,quantized,Llama,unknown,exact_model_mention,medium,llama 7b
paper_dd0b5ad28f95,Continuous Autoregressive Language Models,2025,repo_b365e03abc35,yasserrmd/CALM-TinyStories-v1,base,base_or_unknown,UNKNOWN,unknown,model_card_arxiv_ref,high,arxiv_refs::2510.27688
paper_dd2ac2b442ba,MobileLLM-Pro Technical Report,2025,repo_0cbe42ffa303,facebook/MobileLLM-Pro,finetune,finetune,UNKNOWN,finetune,model_card_arxiv_ref,high,arxiv_refs::2511.06719
paper_dd2ac2b442ba,MobileLLM-Pro Technical Report,2025,repo_50e93a18626a,facebook/MobileLLM-Pro-base-int4-cpu,base,base_or_unknown,UNKNOWN,unknown,model_card_arxiv_ref,high,arxiv_refs::2511.06719
paper_dd2ac2b442ba,MobileLLM-Pro Technical Report,2025,repo_6bba402ca356,facebook/MobileLLM-Pro-base,base,base_or_unknown,UNKNOWN,unknown,model_card_arxiv_ref,high,arxiv_refs::2511.06719
paper_dd2ac2b442ba,MobileLLM-Pro Technical Report,2025,repo_6c77ba169f5a,facebook/MobileLLM-Pro-base-int4-accelerator,base,base_or_unknown,UNKNOWN,unknown,model_card_arxiv_ref,high,arxiv_refs::2511.06719
paper_dda3022800dd,RoLoRA: Fine-tuning Rotated Outlier-free LLMs for Effective Weight-Activation Quantization,2024,repo_8e38bb0a32d4,turboderp/Llama2-7B-exl2,quantized_or_deployment,quantized,Llama,unknown,exact_model_mention,medium,llama2 7b
paper_dda3022800dd,RoLoRA: Fine-tuning Rotated Outlier-free LLMs for Effective Weight-Activation Quantization,2024,repo_6094ee2c2c1b,AlmaEconomics/llama2_quantized_13B_8bit,quantized_or_deployment,quantized,Llama,unknown,exact_model_mention,medium,llama2 13b
paper_ddef1a8b5838,SpikeLLM: Scaling up Spiking Neural Network to Large Language Models via Saliency-based Spiking,2024,repo_13e83f6fb726,TheBloke/LLaMa-7B-GPTQ,quantized_or_deployment,quantized,Llama,unknown,exact_model_mention,medium,llama 7b
paper_e18a43d6b3ca,Healthcare 4.0: A Large Language Model-Based Blockchain Framework for Medical Device Fault Detection and Diagnostics,2025,repo_343e68eb6d7a,deepseek-ai/DeepSeek-R1,base,base_or_unknown,DeepSeek,unknown,exact_model_mention,medium,deepseek r1
paper_e1faa684880e,Phi-4 Technical Report,2024,repo_d01ca2722e59,Dudeman523/Phi_3-onnx,quantized_or_deployment,deployment_format,Phi,unknown,exact_model_mention,medium,phi 3
paper_e4e04953b46e,ROSE: Reordered SparseGPT for More Accurate One-Shot Large Language Models Pruning,2026,repo_8e38bb0a32d4,turboderp/Llama2-7B-exl2,quantized_or_deployment,quantized,Llama,unknown,exact_model_mention,medium,llama2 7b
paper_e88fb9207e43,"Nanbeige4.1-3B: A Small General Model that Reasons, Aligns, and Acts",2026,repo_37cda7737bd9,beaupi/Nanbeige4.1-3B-oQ6,quantized_or_deployment,base_or_unknown,UNKNOWN,quantized,model_card_arxiv_ref,high,arxiv_refs::2602.13367
paper_e88fb9207e43,"Nanbeige4.1-3B: A Small General Model that Reasons, Aligns, and Acts",2026,repo_143d41e71243,beaupi/Nanbeige4.1-3B-oQ4,quantized_or_deployment,base_or_unknown,UNKNOWN,quantized,model_card_arxiv_ref,high,arxiv_refs::2602.13367
paper_e88fb9207e43,"Nanbeige4.1-3B: A Small General Model that Reasons, Aligns, and Acts",2026,repo_7e976a11b1c9,futuregoldenbuddha/Nanbeige4.1-3B-EXL2-8.0bpw,quantized_or_deployment,quantized,UNKNOWN,quantized,model_card_arxiv_ref,high,arxiv_refs::2602.13367
paper_e88fb9207e43,"Nanbeige4.1-3B: A Small General Model that Reasons, Aligns, and Acts",2026,repo_c68082069d77,Nanbeige/Nanbeige4.1-3B,finetune,finetune,UNKNOWN,finetune,model_card_arxiv_ref,high,arxiv_refs::2602.13367
paper_e88fb9207e43,"Nanbeige4.1-3B: A Small General Model that Reasons, Aligns, and Acts",2026,repo_771987043b65,raggiebo/Nanbeige4.1-3B,finetune,finetune,UNKNOWN,finetune,model_card_arxiv_ref,high,arxiv_refs::2602.13367
paper_e88fb9207e43,"Nanbeige4.1-3B: A Small General Model that Reasons, Aligns, and Acts",2026,repo_8ad01d6a832f,INDERJEET3233/Nanbeige4.1-3B,finetune,finetune,UNKNOWN,finetune,model_card_arxiv_ref,high,arxiv_refs::2602.13367
paper_e88fb9207e43,"Nanbeige4.1-3B: A Small General Model that Reasons, Aligns, and Acts",2026,repo_8d7098b50db0,MuXodious/Nanbeige4.1-3B-PaperWitch-heresy,finetune,finetune,UNKNOWN,finetune,model_card_arxiv_ref,high,arxiv_refs::2602.13367
paper_e88fb9207e43,"Nanbeige4.1-3B: A Small General Model that Reasons, Aligns, and Acts",2026,repo_a0b32fd27d42,VINAY-UMRETHE/Nanbeige4.1-3B-heretic-BEST,finetune,finetune,UNKNOWN,finetune,model_card_arxiv_ref,high,arxiv_refs::2602.13367
paper_e88fb9207e43,"Nanbeige4.1-3B: A Small General Model that Reasons, Aligns, and Acts",2026,repo_93076b2a1fe2,heretic-org/Nanbeige4.1-3B-heretic,finetune,finetune,UNKNOWN,finetune,model_card_arxiv_ref,high,arxiv_refs::2602.13367
paper_e88fb9207e43,"Nanbeige4.1-3B: A Small General Model that Reasons, Aligns, and Acts",2026,repo_ddd67a541cbd,FastFlowLM/Nanbeige4.1-3B-NPU2,finetune,finetune,UNKNOWN,finetune,model_card_arxiv_ref,high,arxiv_refs::2602.13367
paper_e88fb9207e43,"Nanbeige4.1-3B: A Small General Model that Reasons, Aligns, and Acts",2026,repo_d7e66d698c0c,SimplySara/Nanbeige4.1-3B-GGUF,quantized_or_deployment,quantized,UNKNOWN,quantized,model_card_arxiv_ref,high,arxiv_refs::2602.13367
paper_e88fb9207e43,"Nanbeige4.1-3B: A Small General Model that Reasons, Aligns, and Acts",2026,repo_5c4b5398a086,SimplySara/Nanbeige4.1-3B-i1-GGUF,quantized_or_deployment,quantized,UNKNOWN,quantized,model_card_arxiv_ref,high,arxiv_refs::2602.13367
paper_e88fb9207e43,"Nanbeige4.1-3B: A Small General Model that Reasons, Aligns, and Acts",2026,repo_98a03bc9982c,Agnivarcas/Nanbeige4.1-3B-reasoning-finetuned,adapter_lora,adapter,UNKNOWN,adapter,model_card_arxiv_ref,high,arxiv_refs::2602.13367
paper_e88fb9207e43,"Nanbeige4.1-3B: A Small General Model that Reasons, Aligns, and Acts",2026,repo_953593ae044f,amoughnieh/Nanbeige4.1-3B-EE-Reasoning-SFT,adapter_lora,adapter,UNKNOWN,adapter,model_card_arxiv_ref,high,arxiv_refs::2602.13367
paper_eadd8e62efa7,DistillLens: Symmetric Knowledge Distillation Through Logit Lens,2026,repo_fd770294ea39,manishdhakal/DistillLens-gpt2-base,finetune,finetune,UNKNOWN,finetune,model_card_arxiv_ref,high,arxiv_refs::2602.13567
paper_eadd8e62efa7,DistillLens: Symmetric Knowledge Distillation Through Logit Lens,2026,repo_b050868c80ba,manishdhakal/DistillLens-TinyLlama-1.1B,finetune,finetune,Llama,finetune,model_card_arxiv_ref,high,arxiv_refs::2602.13567
paper_eb6f8694a334,Extending Context Window of Large Language Models via Positional Interpolation,2023,repo_13e83f6fb726,TheBloke/LLaMa-7B-GPTQ,quantized_or_deployment,quantized,Llama,unknown,exact_model_mention,medium,llama 7b
paper_ebb4a992fc89,Less is More: Recursive Reasoning with Tiny Networks,2025,repo_343e68eb6d7a,deepseek-ai/DeepSeek-R1,base,base_or_unknown,DeepSeek,unknown,exact_model_mention,medium,deepseek r1
paper_ef5d1ee395a5,Phi-3 Technical Report: A Highly Capable Language Model Locally on Your Phone,2024,repo_9e221b8388ba,Swissmountain/model-phi-3.5,finetune,quantized,Phi,unknown,exact_model_mention,medium,phi 3.5
paper_ef5d1ee395a5,Phi-3 Technical Report: A Highly Capable Language Model Locally on Your Phone,2024,repo_d01ca2722e59,Dudeman523/Phi_3-onnx,quantized_or_deployment,deployment_format,Phi,unknown,exact_model_mention,medium,phi 3
paper_ef96d13d3240,Principle-Driven Self-Alignment of Language Models from Scratch with Minimal Human Supervision,2023,repo_0f319eb8f84e,TheBloke/LLaMa-65B-GPTQ,quantized_or_deployment,quantized,Llama,unknown,exact_model_mention,medium,llama 65b
paper_f06b8b3d9917,RadPhi-3: Small Language Models for Radiology,2024,repo_d01ca2722e59,Dudeman523/Phi_3-onnx,quantized_or_deployment,deployment_format,Phi,unknown,exact_model_mention,medium,phi 3
paper_f15d3c22215a,KG-Agent: An Efficient Autonomous Agent Framework for Complex Reasoning over Knowledge Graph,2024,repo_13e83f6fb726,TheBloke/LLaMa-7B-GPTQ,quantized_or_deployment,quantized,Llama,unknown,exact_model_mention,medium,llama 7b
paper_f5ec074a63a8,"Shared Emotion Geometry Across Small Language Models: A Cross-Architecture Study of Representation, Behavior, and Methodological Confounds",2026,repo_f9267ae980a1,Bar0n/Qwen-2.5-1.5B,finetune,finetune,Qwen,finetune,exact_model_mention,medium,qwen 2.5 1.5b
paper_f6c9457af3d9,BEATS: Optimizing LLM Mathematical Capabilities with BackVerify and Adaptive Disambiguate based Efficient Tree Search,2024,repo_284fa1014f76,mlx-community/Qwen2-7B-8bit,quantized_or_deployment,quantized,Qwen,unknown,exact_model_mention,medium,qwen2 7b
paper_f7ae01c5af5a,MoreauPruner: Robust Pruning of Large Language Models against Weight Perturbations,2024,repo_20095953571c,TheBloke/LLaMa-13B-GPTQ,quantized_or_deployment,quantized,Llama,unknown,exact_model_mention,medium,llama 13b
paper_f7ae01c5af5a,MoreauPruner: Robust Pruning of Large Language Models against Weight Perturbations,2024,repo_13e83f6fb726,TheBloke/LLaMa-7B-GPTQ,quantized_or_deployment,quantized,Llama,unknown,exact_model_mention,medium,llama 7b
paper_f879ef80669f,Sample-Efficient Language Model for Hinglish Conversational AI,2025,repo_df0b7ed3736a,nilay-samora/gemma3-4b-gptq-int4,quantized_or_deployment,quantized,Gemma,unknown,exact_model_mention,medium,gemma3 4b
paper_fa4a9cb66509,Falcon-H1R: Pushing the Reasoning Frontiers with a Hybrid Model for Efficient Test-Time Scaling,2026,repo_6f4a7e95b284,tiiuae/Falcon-H1R-7B-FP8,quantized_or_deployment,base_or_unknown,Falcon,quantized,model_card_arxiv_ref,high,arxiv_refs::2601.02346
paper_fa4a9cb66509,Falcon-H1R: Pushing the Reasoning Frontiers with a Hybrid Model for Efficient Test-Time Scaling,2026,repo_d7b8c89d7aed,unsloth/Falcon-H1R-7B-GGUF,quantized_or_deployment,quantized,Falcon,quantized,model_card_arxiv_ref,high,arxiv_refs::2601.02346
paper_fa4a9cb66509,Falcon-H1R: Pushing the Reasoning Frontiers with a Hybrid Model for Efficient Test-Time Scaling,2026,repo_8102e1aafbdb,tiiuae/Falcon-H1R-7B-GGUF,quantized_or_deployment,quantized,Falcon,quantized,model_card_arxiv_ref,high,arxiv_refs::2601.02346
paper_fa4a9cb66509,Falcon-H1R: Pushing the Reasoning Frontiers with a Hybrid Model for Efficient Test-Time Scaling,2026,repo_7852825840a8,tiiuae/Falcon-H1R-7B,finetune,finetune,Falcon,finetune,model_card_arxiv_ref,high,arxiv_refs::2601.02346
paper_fa4a9cb66509,Falcon-H1R: Pushing the Reasoning Frontiers with a Hybrid Model for Efficient Test-Time Scaling,2026,repo_4d2354963e0f,unsloth/Falcon-H1R-7B,finetune,finetune,Falcon,finetune,model_card_arxiv_ref,high,arxiv_refs::2601.02346
paper_fa59d0c852b1,LLMZip: Lossless Text Compression using Large Language Models,2023,repo_13e83f6fb726,TheBloke/LLaMa-7B-GPTQ,quantized_or_deployment,quantized,Llama,unknown,exact_model_mention,medium,llama 7b
